nmc_nmcpin,nmc_nmctitlename,nmc_firstname,nmc_maidenname,nmc_lastname,nmc_dateofbirth,nmc_gender,nmc_nationalityname,nmc_countryofbirthname,nmc_email,nmc_addressline1,nmc_addressline2,nmc_addressline3,nmc_city,nmc_postcode,nmc_countryname,nmc_traininginstitutecode,nmc_trainingtype,nmc_programme,nmc_academicroute,nmc_coursestartdate,nmc_courseenddate,nmc_trainingexampassdate,nmc_trainingstartdate,nmc_trainingcompletiondate
16H0404E,Miss,ROSE 1,,LEE,20020524,F,Nigerian,Nigeria,2211471@uknmc.org,London Road 1,BOLTON,,Woodford,CM168AH,England,1315,R,SC1,B Nurs (Hons),20200901,20290901,20260812,20220919,20260812
16H0405E,Miss,ROSE 2,,LEE,20040321,F,British,England,2211471@uknmc.org,London Road 2,TARPORLEY,CHESHIRE,Woodford,CM160BS,England,1315,R,SC1,B Nurs (Hons),20200901,20290901,20260812,20230918,20260812
16H0406E,Miss,ROSE 3,,LEE,20050331,F,British,England,2211471@uknmc.org,London Road 3,LIVERPOOL,,Woodford,CM162HR,England,1315,R,SC1,B Nurs (Hons),20200901,20290901,20260812,20230918,20260812
16H0407E,Miss,ROSE 4,,LEE,20050102,F,British,England,2211471@uknmc.org,London Road 4,WIDNES,CHESHIRE,Woodford,CM169NE,England,1315,R,SC1,B Nurs (Hons),20200901,20290901,20260812,20230918,20260812
16H0408E,Miss,ROSE 5,,LEE,20000614,F,British,England,2211471@uknmc.org,London Road 5,BIRKENHEAD,MERSEYSIDE,Woodford,CM163XR,England,1315,R,SC1,B Nurs (Hons),20200901,20290901,20260812,20220919,20260812
16H0409E,Miss,ROSE 6,,LEE,20040910,F,British,England,2211471@uknmc.org,London Road 6,WISTASTON,CREWE,CHESHIRE,CM168JX,England,1315,R,SC1,B Nurs (Hons),20200901,20290901,20260812,20230918,20260812
16H0410E,Miss,ROSE 7,,LEE,20000921,F,British,England,2211471@uknmc.org,London Road 7,VICARS CROSS,CHESTER,CHESHIRE,CM165HG,England,1315,R,SC1,B Nurs (Hons),20200901,20290901,20260812,20240923,20260812
16H0411E,Miss,ROSE 8,,LEE,20050730,F,British,England,2211471@uknmc.org,London Road 8,UPTON,NORTHAMPTON,Woodford,CM164DG,England,1315,R,SC1,B Nurs (Hons),20200901,20290901,20260812,20230918,20260812
16H0412E,Miss,ROSE 9,,LEE,20050205,F,British,England,2211471@uknmc.org,London Road 9,BIRKENHEAD,MERSEYSIDE,Woodford,CM167JD,England,1315,R,SC1,B Nurs (Hons),20200901,20290901,20260812,20230918,20260812
16H0413E,Miss,ROSE 10,,LEE,20030426,F,British,England,2211471@uknmc.org,London Road 10,SHREWSBURY,SHROPSHIRE,Woodford,CM166SR,England,1315,R,SC1,B Nurs (Hons),20200901,20290901,20260812,20230918,20260812
16H0414E,Miss,ROSE 11,,LEE,20040616,F,British,England,2211471@uknmc.org,London Road 11,MANCHESTER,GREATER MANCHESTER,Woodford,CM166PL,England,1315,R,SC1,B Nurs (Hons),20200901,20290901,20260812,20230918,20260812
16H0415E,Miss,ROSE 12,,LEE,20041101,F,British,England,2211471@uknmc.org,London Road 12,BLACON,CHESTER,CHESHIRE,CM165BU,England,1315,R,SC1,B Nurs (Hons),20200901,20290901,20260812,20230918,20260812
16H0416E,Miss,ROSE 13,,LEE,20050521,F,British,Wales,2211471@uknmc.org,London Road 13,PENTWYN CRUMLIN,NEWPORT,CAERFFILI,CM163JH,Wales,1315,R,SC1,B Nurs (Hons),20200901,20290901,20260812,20230918,20260812
16H0417E,Miss,ROSE 14,,LEE,20000328,F,Zairean/Congolese,Tanzania,2211471@uknmc.org,London Road 14,BOLTON,GREATER MANCHESTER,Woodford,CM164BZ,England,1315,R,SC1,B Nurs (Hons),20200901,20290901,20260812,20230918,20260812
16H0418E,Miss,ROSE 15,,LEE,20050503,F,British,England,2211471@uknmc.org,London Road 15,GREAT SUTTON,ELLESMERE PORT,Woodford,CM162XL,England,1315,R,SC1,B Nurs (Hons),20200901,20290901,20260812,20230918,20260812
16H0419E,Miss,ROSE 16,,LEE,20000517,F,British,England,2211471@uknmc.org,London Road 16,WREXHAM,,Woodford,CM164YU,England,1315,R,SC1,B Nurs (Hons),20200901,20290901,20260812,20230918,20260812
16H0420E,Miss,ROSE 17,,LEE,19971112,F,British,England,2211471@uknmc.org,London Road 17,WIDNES,CHESHIRE,Woodford,CM166RB,England,1315,R,SC1,B Nurs (Hons),20200901,20290901,20260812,20220919,20260812
16H0421E,Miss,ROSE 18,,LEE,20040616,F,British,England,2211471@uknmc.org,London Road 18,FEATHERSTONE,PONTEFRACT,WEST YORKSHIRE,CM166LG,England,1315,R,SC1,B Nurs (Hons),20200901,20290901,20260812,20230918,20260812
16H0422E,Miss,ROSE 19,,LEE,20040831,F,British,England,2211471@uknmc.org,London Road 19,SHREWSBURY,SHROPSHIRE,Woodford,CM164NQ,England,1315,R,SC1,B Nurs (Hons),20200901,20290901,20260812,20230918,20260812
16H0423E,Miss,ROSE 20,,LEE,20050629,F,British,England,2211471@uknmc.org,London Road 20,BISPHAM,BLACKPOOL,LANCASHIRE,CM169PB,England,1315,R,SC1,B Nurs (Hons),20200901,20290901,20260812,20230918,20260812
16H0424E,Miss,ROSE 21,,LEE,20040505,F,British,England,2211471@uknmc.org,London Road 21,PRENTON,MERSEYSIDE,Woodford,CM160UZ,England,1315,R,SC1,B Nurs (Hons),20200901,20290901,20260812,20220919,20260812
16H0425E,Miss,ROSE 22,,LEE,20041230,F,British,England,2211471@uknmc.org,London Road 22,MANCHESTER,GREATER MANCHESTER,Woodford,CM169QG,England,1315,R,SC1,B Nurs (Hons),20200901,20290901,20260812,20230918,20260812
16H0426E,Miss,ROSE 23,,LEE,20030521,F,British,England,2211471@uknmc.org,London Road 23,WIRRAL,MERSEYSIDE,Woodford,CM162PR,England,1315,R,SC1,B Nurs (Hons),20200901,20290901,20260812,20230918,20260812
16H0427E,Miss,ROSE 24,,LEE,20050109,F,British,England,2211471@uknmc.org,London Road 24,NELSON,LANCASHIRE,Woodford,CM169PA,England,1315,R,SC1,B Nurs (Hons),20200901,20290901,20260812,20230918,20260812
16H0428E,Miss,ROSE 25,TEMI,LEE,20040207,F,Nigerian,Nigeria,2211471@uknmc.org,London Road 25,HEYWOOD,MANCHESTER,Woodford,CM163NP,England,1315,R,SC1,B Nurs (Hons),20200901,20290901,20260812,20230918,20260812
16H0429E,Miss,ROSE 26,,LEE,20050311,F,British,England,2211471@uknmc.org,London Road 26,SHAVINGTON,CREWE,CHESHIRE,CM165EF,England,1315,R,SC1,B Nurs (Hons),20200901,20290901,20260812,20230918,20260812
16H0430E,Miss,ROSE 27,,LEE,20010825,F,British,England,2211471@uknmc.org,London Road 27,BUNTINGSDALE,MARKET DRAYTON,Woodford,CM162ES,England,1315,R,SC1,B Nurs (Hons),20200901,20290901,20260812,20240923,20260812
16H0431E,Miss,ROSE 28,,LEE,20040130,F,Cameroonian,Cameroon,2211471@uknmc.org,London Road 28,APARTEMENT 4,49 HURST STREET,LIVERPOOL,CM168AJ,England,1315,R,SC1,B Nurs (Hons),20200901,20290901,20260812,20230918,20260812
16H0432E,Miss,ROSE 29,,LEE,20041125,F,British,England,2211471@uknmc.org,London Road 29,WIRRAL,MERSEYSIDE,Woodford,CM164LF,England,1315,R,SC1,B Nurs (Hons),20200901,20290901,20260812,20230918,20260812
16H0433E,Miss,ROSE 30,,LEE,19910203,F,British,England,2211471@uknmc.org,London Road 30,WIRRAL,MERSEYSIDE,Woodford,CM162QJ,England,1315,R,SC1,B Nurs (Hons),20200901,20290901,20260812,20230918,20260812
15H1488E,Mr,ROSE 31,,LEE,20001219,M,British,Country Unknown,2211471@uknmc.org,London Road 31,MAIDSTONE,,Woodford,CM165TA,England,8020,R,MN1,BSc (Hons),20200901,20290901,20260720,20220926,20260720
15H1514E,Ms,ROSE 32,,LEE,19750712,F,British,Poland,2211471@uknmc.org,London Road 32,GILLINGHAM,KENT,Woodford,CM161EJ,England,8020,R,MN1,BSc (Hons),20200901,20290901,20260720,20220919,20260720
15H1513E,Miss,ROSE 33,,LEE,20010218,F,Irish,Country Unknown,2211471@uknmc.org,London Road 33,MAIDSTONE,Kent,Woodford,CM167QD,England,8020,R,AN1,BSc (Hons),20200901,20290901,20260720,20210920,20260720
15H0617E,Miss,ROSE 34,,LEE,20031220,F,British,England,2211471@uknmc.org,London Road 34,ASHTON-IN-MAKERFIELD,WIGAN,LANCASHIRE,CM160RW,England,1315,R,AN1,B Nurs (Hons),20200901,20290901,20260812,20230918,20260812
15H0618E,Mrs,ROSE 35,OLANIREGUN BOLANLE ADIJAT,LEE,19950524,F,Nigerian,Nigeria,2211471@uknmc.org,London Road 35,MORETON,WIRRAL,MERSEYSIDE,CM162QS,England,1315,R,AN1,B Nurs (Hons),20200901,20290901,20260812,20230918,20260812
15H0619E,Miss,ROSE 36,,LEE,19981124,F,Somali,Somali Republic,2211471@uknmc.org,London Road 36,LIVERPOOL,MERSEYSIDE,Woodford,CM160RW,England,1315,R,AN1,B Nurs (Hons),20200901,20290901,20260812,20230918,20260812
15H0620E,Miss,ROSE 37,,LEE,19930408,F,British,Nigeria,2211471@uknmc.org,London Road 37,LIVERPOOL,MERSEYSIDE,Woodford,CM161XD,England,1315,R,AN1,B Nurs (Hons),20200901,20290901,20260812,20230918,20260812
15H0621E,Miss,ROSE 38,,LEE,19960710,F,British,England,2211471@uknmc.org,London Road 38,NEWTON-LE-WILLOWS,MERSEYSIDE,Woodford,CM168HP,England,1315,R,AN1,B Nurs (Hons),20200901,20290901,20260812,20230918,20260812
15H0622E,Miss,ROSE 39,,LEE,20020121,F,British,England,2211471@uknmc.org,London Road 39,RUNCORN,CHESHIRE,Woodford,CM161XE,England,1315,R,AN1,B Nurs (Hons),20200901,20290901,20260812,20230918,20260812
15H0623E,Mrs,ROSE 40,MARSHALL,LEE,19880515,F,British,England,2211471@uknmc.org,London Road 40,STRANG ROAD,UNION MILLS,Woodford,CM164NW,Isle of Man,1315,R,AN1,B Nurs (Hons),20200901,20290901,20260812,20230918,20260812
15H0624E,Mrs,ROSE 41,,LEE,19750810,F,British,Democratic Republic of Congo (Zaire),2211471@uknmc.org,London Road 41,MANCHESTER,GREATER MANCHESTER,Woodford,CM165NZ,England,1315,R,AN1,B Nurs (Hons),20200901,20290901,20260812,20230918,20260812
15H0625E,Miss,ROSE 42,,LEE,20050726,F,British,Isle of Man,2211471@uknmc.org,London Road 42,LAKESIDE GARDENS,ONCHAN,ISLE OF MAN,CM162DA,Isle of Man,1315,R,AN1,B Nurs (Hons),20200901,20290901,20260812,20230918,20260812
15H0626E,Miss,ROSE 43,,LEE,20050320,F,British,England,2211471@uknmc.org,London Road 43,WILMSLOW,CHESHIRE,Woodford,CM162TH,England,1315,R,AN1,B Nurs (Hons),20200901,20290901,20260812,20230918,20260812
15H0627E,Miss,ROSE 44,,LEE,20050412,F,British,England,2211471@uknmc.org,London Road 44,WIDNES,CHESHIRE,Woodford,CM163YF,England,1315,R,AN1,B Nurs (Hons),20200901,20290901,20260812,20230918,20260812
15H0628E,Miss,ROSE 45,,LEE,20041204,F,Indian,United Arab Emirates,2211471@uknmc.org,London Road 45,BRADLEY FOLD,BOLTON,Woodford,CM166RU,England,1315,R,AN1,B Nurs (Hons),20200901,20290901,20260812,20230918,20260812
15H0609E,Miss,ROSE 46,,LEE,20030215,F,British,England,2211471@uknmc.org,London Road 46,NEWTON-LE-WILLOWS,MERSEYSIDE,Woodford,CM169NW,England,1315,R,AN1,B Nurs (Hons),20200901,20290901,20260812,20220919,20260812
15H0629E,Miss,ROSE 47,,LEE,19990406,F,British,Isle of Man,2211471@uknmc.org,London Road 47,SMEALE,RAMSEY,RAMSEY,CM163EE,Isle of Man,1315,R,AN1,B Nurs (Hons),20200901,20290901,20260812,20230918,20260812
15H0630E,Miss,ROSE 48,,LEE,20001219,F,British,England,2211471@uknmc.org,London Road 48,BEBINGTON,WIRRAL,MERSEYSIDE,CM167QX,England,1315,R,AN1,B Nurs (Hons),20200901,20290901,20260812,20230918,20260812
15H0631E,Miss,ROSE 49,,LEE,19920529,F,British,Wales,2211471@uknmc.org,London Road 49,RHYL,CLWYD,Woodford,CM164AG,Wales,1315,R,AN1,B Nurs (Hons),20200901,20290901,20260812,20230918,20260812
15H0632E,Miss,ROSE 50,,LEE,20030925,F,British,England,2211471@uknmc.org,London Road 50,SOUTH PIER ROAD,ELLESMERE PORT,Woodford,CM164FL,England,1315,R,AN1,B Nurs (Hons),20200901,20290901,20260812,20230918,20260812
15H0633E,Miss,ROSE 51,,LEE,19971116,F,British,England,2211471@uknmc.org,London Road 51,WIRRAL,MERSEYSIDE,Woodford,CM164RY,England,1315,R,AN1,B Nurs (Hons),20200901,20290901,20260812,20230918,20260812
15H0634E,Miss,ROSE 52,AMY KELLY AND AMY WOOD,LEE,19830521,F,British,England,2211471@uknmc.org,London Road 52,WIRRAL,MERSEYSIDE,Woodford,CM169PB,England,1315,R,AN1,B Nurs (Hons),20200901,20290901,20260812,20230918,20260812
15H0635E,Miss,ROSE 53,,LEE,20050830,F,British,Wales,2211471@uknmc.org,London Road 53,CONNAH'S QUAY,DEESIDE,FLINTSHIRE,CM164FF,Wales,1315,R,AN1,B Nurs (Hons),20200901,20290901,20260812,20230918,20260812
15H0636E,Miss,ROSE 54,,LEE,20001222,F,British,England,2211471@uknmc.org,London Road 54,MURDISHAW,RUNCORN,CHESHIRE,CM166HQ,England,1315,R,AN1,B Nurs (Hons),20200901,20290901,20260812,20220919,20260812
15H0610E,Miss,ROSE 55,CRYSTAN,LEE,20040113,F,British,England,2211471@uknmc.org,London Road 55,WOLVERHAMPTON,,Woodford,CM160JW,England,1315,R,AN1,B Nurs (Hons),20200901,20290901,20260812,20220919,20260812
15H0611E,Miss,ROSE 56,,LEE,20040413,F,British,Isle of Man,2211471@uknmc.org,London Road 56,GLEN VINE,ISLE OF MAN,Woodford,CM164EY,Isle of Man,1315,R,AN1,B Nurs (Hons),20200901,20290901,20260812,20230918,20260812
15H0637E,Mrs,ROSE 57,WALKER BARNARD,LEE,19851107,F,British,Scotland,2211471@uknmc.org,London Road 57,PLEAN,STIRLING,Woodford,CM168BY,Scotland,1315,R,AN1,B Nurs (Hons),20200901,20290901,20260812,20230918,20260812
15H0638E,Miss,ROSE 58,,LEE,20030218,F,British,England,2211471@uknmc.org,London Road 58,HAYDOCK,ST. HELENS,MERSEYSIDE,CM160NF,England,1315,R,AN1,B Nurs (Hons),20200901,20290901,20260812,20220919,20260812
15H0639E,Miss,ROSE 59,,LEE,20030508,F,Portuguese,Portugal,2211471@uknmc.org,London Road 59,ALTRINCHAM,CHESHIRE,Woodford,CM169QZ,England,1315,R,AN1,B Nurs (Hons),20200901,20290901,20260812,20220919,20260812
15H0640E,Miss,ROSE 60,,LEE,20050730,F,British,England,2211471@uknmc.org,London Road 60,PRENTON,WIRRAL,MERSEYSIDE,CM168LX,England,1315,R,AN1,B Nurs (Hons),20200901,20290901,20260812,20240923,20260812
15H0641E,Mr,ROSE 61,,LEE,19941109,M,British,Isle of Man,2211471@uknmc.org,London Road 61,BALLACUBBON,COLBY,ISLE OF MAN,CM164PR,Isle of Man,1315,R,AN1,B Nurs (Hons),20200901,20290901,20260812,20230918,20260812
15H0642E,Mrs,ROSE 62,ROWLAND,LEE,19941206,F,British,England,2211471@uknmc.org,London Road 62,ELLESMERE PORT,,Woodford,CM163TG,England,1315,R,AN1,B Nurs (Hons),20200901,20290901,20260812,20220919,20260812
15H0643E,Miss,ROSE 63,,LEE,19880903,F,British,England,2211471@uknmc.org,London Road 63,APPLETON,WARRINGTON,CHESHIRE,CM165RN,England,1315,R,AN1,B Nurs (Hons),20200901,20290901,20260812,20230918,20260812
15H0644E,Mrs,ROSE 64,SHARROCK,LEE,19860418,F,British,England,2211471@uknmc.org,London Road 64,WINSFORD,CHESHIRE,Woodford,CM163AY,England,1315,R,AN1,B Nurs (Hons),20200901,20290901,20260812,20230918,20260812
15H0645E,Miss,ROSE 65,,LEE,19940922,F,British,England,2211471@uknmc.org,London Road 65,ELLESMER PORT,CHESHIRE,Woodford,CM168HW,England,1315,R,AN1,B Nurs (Hons),20200901,20290901,20260812,20230918,20260812
15H0646E,Miss,ROSE 66,,LEE,20030913,F,British,England,2211471@uknmc.org,London Road 66,COVENTRY,WEST MIDLANDS,Woodford,CM162BP,England,1315,R,AN1,B Nurs (Hons),20200901,20290901,20260812,20220919,20260812
15H0647E,Mrs,ROSE 67,ASTBURY,LEE,19880127,F,British,England,2211471@uknmc.org,London Road 67,WINSFORD,CHESHIRE,Woodford,CM162HD,England,1315,R,AN1,B Nurs (Hons),20200901,20290901,20260812,20230918,20260812
15H0648E,Mrs,ROSE 68,BROWN,LEE,19800521,F,British,England,2211471@uknmc.org,London Road 68,KNUTSFORD,CHESHIRE,Woodford,CM166AR,England,1315,R,AN1,B Nurs (Hons),20200901,20290901,20260812,20230918,20260812
15H0649E,Mr,ROSE 69,,LEE,20030204,M,British,England,2211471@uknmc.org,London Road 69,GREAT SUTTON,ELLESMERE PORT,CHESHIRE,CM164RD,England,1315,R,AN1,B Nurs (Hons),20200901,20290901,20260812,20230918,20260812
15H0650E,Miss,ROSE 70,,LEE,20020318,F,British,England,2211471@uknmc.org,London Road 70,WIRRAL,MERSEYSIDE,Woodford,CM164RD,England,1315,R,AN1,B Nurs (Hons),20200901,20290901,20260812,20220919,20260812
15H0651E,Mrs,ROSE 71,WILSON,LEE,19961009,F,British,England,2211471@uknmc.org,London Road 71,CREWE,,Woodford,CM164GR,England,1315,R,AN1,B Nurs (Hons),20200901,20290901,20260812,20230918,20260812
15H0652E,Mr,ROSE 72,,LEE,20030308,M,British,England,2211471@uknmc.org,London Road 72,SOUTH PIER ROAD,,ELLESMERE PORT,CM164FL,England,1315,R,AN1,B Nurs (Hons),20200901,20290901,20260812,20220919,20260812
15H0653E,Miss,ROSE 73,,LEE,19900523,F,British,England,2211471@uknmc.org,London Road 73,BIRKENHEAD,MERSEYSIDE,Woodford,CM164LG,England,1315,R,AN1,B Nurs (Hons),20200901,20290901,20260812,20230918,20260812
15H0654E,Miss,ROSE 74,,LEE,20050602,F,British,England,2211471@uknmc.org,London Road 74,MURDISHAW,RUNCORN,CHESHIRE,CM166DZ,England,1315,R,AN1,B Nurs (Hons),20200901,20290901,20260812,20230918,20260812
15H0655E,Mr,ROSE 75,,LEE,19981025,M,British,Wales,2211471@uknmc.org,London Road 75,MYNYDD ISA,MOLD,CLWYD,CM166XR,Wales,1315,R,AN1,B Nurs (Hons),20200901,20290901,20260812,20230918,20260812
15H0656E,Miss,ROSE 76,,LEE,19971121,F,British,England,2211471@uknmc.org,London Road 76,BIRKENHEAD,MERSEYSIDE,Woodford,CM169LX,England,1315,R,AN1,B Nurs (Hons),20200901,20290901,20260812,20230918,20260812
15H0657E,Mrs,ROSE 77,MISS TOWEY,LEE,19790805,F,British,England,2211471@uknmc.org,London Road 77,GRAPPENHALL,WARRINGTON,CHESHIRE,CM162ND,England,1315,R,AN1,B Nurs (Hons),20200901,20290901,20260812,20230918,20260812
15H0658E,Miss,ROSE 78,,LEE,20001112,F,British,England,2211471@uknmc.org,London Road 78,ALDERLEY EDGE,CHESHIRE,Woodford,CM167SQ,England,1315,R,AN1,B Nurs (Hons),20200901,20290901,20260812,20230918,20260812
15H0659E,Miss,ROSE 79,,LEE,20001126,F,British,England,2211471@uknmc.org,London Road 79,OSWESTRY,SHROPSHIRE,Woodford,CM162TB,England,1315,R,AN1,B Nurs (Hons),20200901,20290901,20260812,20230918,20260812
15H0660E,Miss,ROSE 80,,LEE,20010913,F,British,England,2211471@uknmc.org,London Road 80,ST. HELENS,MERSEYSIDE,Woodford,CM165UF,England,1315,R,AN1,B Nurs (Hons),20200901,20290901,20260812,20220919,20260812
15H0661E,Miss,ROSE 81,HARRISON,LEE,19980109,F,British,England,2211471@uknmc.org,London Road 81,WIRRAL,MERSEYSIDE,Woodford,CM164RG,England,1315,R,AN1,B Nurs (Hons),20200901,20290901,20260812,20230918,20260812
15H0662E,Miss,ROSE 82,,LEE,20010603,F,British,England,2211471@uknmc.org,London Road 82,CONNAH'S QUAY,DEESIDE,FLINTSHIRE,CM164BJ,Wales,1315,R,AN1,B Nurs (Hons),20200901,20290901,20260812,20240923,20260812
15H0663E,Miss,ROSE 83,,LEE,19990219,F,British,Northern Ireland,2211471@uknmc.org,London Road 83,CHESTER,129 WHIPCORD LANE,129 WHIPCORD LANE,CM164DG,England,1315,R,AN1,B Nurs (Hons),20200901,20290901,20260812,20220919,20260812
15H0664E,Mrs,ROSE 84,DREWERY,LEE,19911101,F,British,England,2211471@uknmc.org,London Road 84,ELLESMERE PORT,CHESHIRE,Woodford,CM169AR,England,1315,R,AN1,B Nurs (Hons),20200901,20290901,20260812,20230918,20260812
15H0665E,Miss,ROSE 85,,LEE,20030704,F,British,England,2211471@uknmc.org,London Road 85,SKELTON-IN-CLEVELAND,SALTBURN-BY-THE-SEA,NORTH YORKSHIRE,CM162WH,England,1315,R,AN1,B Nurs (Hons),20200901,20290901,20260812,20220919,20260812
15H0666E,Miss,ROSE 86,,LEE,20040114,F,British,England,2211471@uknmc.org,London Road 86,SHEPSHED,LOUGHBOROUGH,LEICESTERSHIRE,CM169UB,England,1315,R,AN1,B Nurs (Hons),20200901,20290901,20260812,20220919,20260812
15H0667E,Miss,ROSE 87,,LEE,20050717,F,British,England,2211471@uknmc.org,London Road 87,BRIDLINGTON,EAST RIDING OF YORKSHIRE,Woodford,CM164NR,England,1315,R,AN1,B Nurs (Hons),20200901,20290901,20260812,20230918,20260812
15H0668E,Miss,ROSE 88,,LEE,19781010,F,Nigerian,Nigeria,2211471@uknmc.org,London Road 88,BIRKENHEAD,MERSEYSIDE,Woodford,CM167HZ,England,1315,R,AN1,B Nurs (Hons),20200901,20290901,20260812,20230918,20260812
15H0669E,Miss,ROSE 89,,LEE,19810414,F,British,England,2211471@uknmc.org,London Road 89,WOODSIDE,TELFORD,SHROPSHIRE,CM165UB,England,1315,R,AN1,B Nurs (Hons),20200901,20290901,20260812,20230911,20260812
16H0348E,Miss,ROSE 90,,LEE,19821204,F,British,England,2211471@uknmc.org,London Road 90,BIRKENHEAD,MERSEYSIDE,Woodford,CM169DY,England,1315,R,AN1,B Nurs (Hons),20200901,20290901,20260812,20230918,20260812
16H0349E,Miss,ROSE 91,,LEE,20020628,F,British,England,2211471@uknmc.org,London Road 91,BLACON,CHESTER,CHESHIRE,CM165SR,England,1315,R,AN1,B Nurs (Hons),20200901,20290901,20260812,20230918,20260812
16H0350E,Miss,ROSE 92,,LEE,20021102,F,British,England,2211471@uknmc.org,London Road 92,BICTON HEATH,SHREWSBURY,SHROPSHIRE,CM165DX,England,1315,R,AN1,B Nurs (Hons),20200901,20290901,20260812,20230918,20260812
16H0351E,Miss,ROSE 93,,LEE,20050515,F,British,England,2211471@uknmc.org,London Road 93,WIDNES,CHESHIRE,Woodford,CM168SH,England,1315,R,AN1,B Nurs (Hons),20200901,20290901,20260812,20230918,20260812
16H0352E,Miss,ROSE 94,,LEE,19960511,F,British,England,2211471@uknmc.org,London Road 94,ELLESMERE PORT,CHESHIRE,Woodford,CM165EG,England,1315,R,AN1,B Nurs (Hons),20200901,20290901,20260812,20230918,20260812
16H0355E,Miss,ROSE 95,,LEE,20041230,F,British,Wales,2211471@uknmc.org,London Road 95,OLD COLWYN,COLWYN BAY,CONWY,CM169BP,Wales,1315,R,AN1,B Nurs (Hons),20200901,20290901,20260812,20230918,20260812
16H0353E,Miss,ROSE 96,,LEE,20000107,F,British,Wales,2211471@uknmc.org,London Road 96,HAWARDEN,DEESIDE,FLINTSHIRE,CM163DP,Wales,1315,R,AN1,B Nurs (Hons),20200901,20290901,20260812,20240923,20260812
16H0354E,Miss,ROSE 97,,LEE,20031001,F,British,England,2211471@uknmc.org,London Road 97,CHIRBURY ROAD,MONTGOMERY,POWYS,CM166QQ,Wales,1315,R,AN1,B Nurs (Hons),20200901,20290901,20260812,20230918,20260812
15H0612E,Mrs,ROSE 98,,LEE,19990223,F,Polish,Poland,2211471@uknmc.org,London Road 98,HOOLE,CHESTER,CHESHIRE,CM163AH,England,1315,R,AN1,B Nurs (Hons),20200901,20290901,20260812,20220919,20260812
16H0356E,Miss,ROSE 99,,LEE,20041119,F,British,England,2211471@uknmc.org,London Road 99,BOOTLE,MERSEYSIDE,LIVERPOOL,CM164EJ,England,1315,R,AN1,B Nurs (Hons),20200901,20290901,20260812,20230918,20260812
16H0357E,Miss,ROSE 100,,LEE,19830512,F,British,England,2211471@uknmc.org,London Road 100,BIRKENHEAD,MERSEYSIDE,Woodford,CM167JH,England,1315,R,AN1,B Nurs (Hons),20200901,20290901,20260812,20230918,20260812
16H0358E,Miss,ROSE 101,,LEE,20010803,F,British,Isle of Man,2211471@uknmc.org,London Road 101,FOXDALE,,ISLE OF MAN,CM163ED,Isle of Man,1315,R,AN1,B Nurs (Hons),20200901,20290901,20260812,20230918,20260812
16H0359E,Miss,ROSE 102,,LEE,19981024,F,British,England,2211471@uknmc.org,London Road 102,LYCHETT MATRAVERS,DORSET,Woodford,CM166LY,England,1315,R,AN1,B Nurs (Hons),20200901,20290901,20260812,20220919,20260812
15H0613E,Miss,ROSE 103,,LEE,20040116,F,British,England,2211471@uknmc.org,London Road 103,POOLE,DORSET,Woodford,CM163LE,England,1315,R,AN1,B Nurs (Hons),20200901,20290901,20260812,20220919,20260812
16H0360E,Mrs,ROSE 104,COLEMAN,LEE,19891030,F,British,England,2211471@uknmc.org,London Road 104,WIRRAL,MERSEYSIDE,CH46 8TT,CM168TT,England,1315,R,AN1,B Nurs (Hons),20200901,20290901,20260812,20220919,20260812
16H0361E,Miss,ROSE 105,,LEE,19930620,F,British,England,2211471@uknmc.org,London Road 105,WARRINGTON,CHESHIRE,Woodford,CM161UR,England,1315,R,AN1,B Nurs (Hons),20200901,20290901,20260812,20230918,20260812
16H0362E,Mrs,ROSE 106,AUSTIN,LEE,19890301,F,British,Wales,2211471@uknmc.org,London Road 106,SHOTTON,DEESIDE,FLINTSHIRE,CM161XY,Wales,1315,R,AN1,B Nurs (Hons),20200901,20290901,20260812,20230918,20260812
16H0363E,Mrs,ROSE 107,HILL,LEE,19800906,F,British,England,2211471@uknmc.org,London Road 107,SAUGHALL,CHESTER,CHESHIRE,CM166BH,England,1315,R,AN1,B Nurs (Hons),20200901,20290901,20260812,20230918,20260812
16H0364E,Ms,ROSE 108,,LEE,19850617,F,British,Nigeria,2211471@uknmc.org,London Road 108,CREWE,CHESHIRE,Woodford,CM167JA,England,1315,R,AN1,B Nurs (Hons),20200901,20290901,20260812,20230918,20260812
16H0365E,Mrs,ROSE 109,LEWANDOWSKA,LEE,19871215,F,Polish,Poland,2211471@uknmc.org,London Road 109,WIDNES,CHESHIRE,Woodford,CM163AB,England,1315,R,AN1,B Nurs (Hons),20200901,20290901,20260812,20230918,20260812
16H0366E,Miss,ROSE 110,,LEE,19920808,F,British,England,2211471@uknmc.org,London Road 110,LITTLE SUTTON,ELLESMERE PORT,CHESHIRE,CM161HF,England,1315,R,AN1,B Nurs (Hons),20200901,20290901,20260812,20230918,20260812
16H0367E,Miss,ROSE 111,,LEE,19760414,F,British,Zimbabwe,2211471@uknmc.org,London Road 111,MANCHESTER,GREATER MANCHESTER,Woodford,CM169EE,England,1315,R,AN1,B Nurs (Hons),20200901,20290901,20260812,20230918,20260812
16H0368E,Mrs,ROSE 112,CROSS,LEE,19890508,F,British,England,2211471@uknmc.org,London Road 112,WINSFORD,CHESHIRE,Woodford,CM161SP,England,1315,R,AN1,B Nurs (Hons),20200901,20290901,20260812,20220919,20260812
16H0369E,Miss,ROSE 113,,LEE,20050410,F,British,England,2211471@uknmc.org,London Road 113,WIDNES,CHESHIRE,Woodford,CM168HL,England,1315,R,AN1,B Nurs (Hons),20200901,20290901,20260812,20230918,20260812
16H0370E,Miss,ROSE 114,,LEE,20050204,F,British,England,2211471@uknmc.org,London Road 114,PRENTON,MERSEYSIDE,Woodford,CM169HQ,England,1315,R,AN1,B Nurs (Hons),20200901,20290901,20260812,20230918,20260812
16H0371E,Miss,ROSE 115,MEGAN-VICTORIA BELSHAM,LEE,20030706,F,British,England,2211471@uknmc.org,London Road 115,SHORTTHORN ROAD,STRATTON STRAWLESS,NORWICH,CM165NU,England,1315,R,AN1,B Nurs (Hons),20200901,20290901,20260812,20230918,20260812
16H0372E,Miss,ROSE 116,,LEE,20020625,F,British,England,2211471@uknmc.org,London Road 116,BIRKENHEAD,MERSEYSIDE,Woodford,CM160EW,England,1315,R,AN1,B Nurs (Hons),20200901,20290901,20260812,20230918,20260812
16H0375E,Miss,ROSE 117,,LEE,20050627,F,British,England,2211471@uknmc.org,London Road 117,WIDNES,CHESHIRE,Woodford,CM167AA,England,1315,R,AN1,B Nurs (Hons),20200901,20290901,20260812,20230918,20260812
16H0374E,Miss,ROSE 118,WELCH MCINTYRE,LEE,19850815,F,British,England,2211471@uknmc.org,London Road 118,WALLASEY,MERSEYSIDE,MERSEYSIDE,CM165BG,England,1315,R,AN1,B Nurs (Hons),20200901,20290901,20260812,20230918,20260812
16H0373E,Mrs,ROSE 119,CHAPMAN,LEE,19790810,F,British,England,2211471@uknmc.org,London Road 119,WIRRAL,MERSEYSIDE,Woodford,CM162NF,England,1315,R,AN1,B Nurs (Hons),20200901,20290901,20260812,20240923,20260812
16H0376E,Miss,ROSE 120,NGETHA,LEE,20020103,F,Kenyan,Kenya,2211471@uknmc.org,London Road 120,TOXTEXTH,LIVERPOOL,Woodford,CM160QX,Kenya,1315,R,AN1,B Nurs (Hons),20200901,20290901,20260812,20230918,20260812
16H0377E,Miss,ROSE 121,,LEE,20010226,F,British,England,2211471@uknmc.org,London Road 121,CHESTER,,Woodford,CM164PT,England,1315,R,AN1,B Nurs (Hons),20200901,20290901,20260812,20230918,20260812
16H0378E,Mrs,ROSE 122,,LEE,19891112,F,British,Nigeria,2211471@uknmc.org,London Road 122,MANCHESTER,,Woodford,CM168JQ,England,1315,R,AN1,B Nurs (Hons),20200901,20290901,20260812,20240923,20260812
16H0499E,Miss,ROSE 123,BEARDSLEY,LEE,19770512,F,British,England,2211471@uknmc.org,London Road 123,WELLINGTON,TELFORD,SHROPSHIRE,CM161AW,England,1315,R,AN1,B Nurs (Hons),20200901,20290901,20260812,20220919,20260812
16H0379E,Miss,ROSE 124,,LEE,20000208,F,British,France,2211471@uknmc.org,London Road 124,OLDFIELD WHARF,4 GAYTHORN ST,SALFORD,CM164PS,England,1315,R,AN1,B Nurs (Hons),20200901,20290901,20260812,20230918,20260812
16H0380E,Mr,ROSE 125,,LEE,19770625,M,British,England,2211471@uknmc.org,London Road 125,WIRRAL,MERSEYSIDE,Woodford,CM169RF,England,1315,R,AN1,B Nurs (Hons),20200901,20290901,20260812,20240923,20260812
16H0381E,Miss,ROSE 126,,LEE,20050301,F,British,Wales,2211471@uknmc.org,London Road 126,MALPAS,CHESHIRE,Woodford,CM168QB,England,1315,R,AN1,B Nurs (Hons),20200901,20290901,20260812,20230918,20260812
16H0382E,Miss,ROSE 127,,LEE,20040204,F,British,England,2211471@uknmc.org,London Road 127,HARTFORD,NORTHWICH,CHESHIRE,CM161LY,England,1315,R,AN1,B Nurs (Hons),20200901,20290901,20260812,20230918,20260812
16H0383E,Mr,ROSE 128,,LEE,19961006,M,British,England,2211471@uknmc.org,London Road 128,PRENTON,MERSEYSIDE,Woodford,CM167NY,England,1315,R,AN1,B Nurs (Hons),20200901,20290901,20260812,20220919,20260812
16H0384E,Miss,ROSE 129,,LEE,20050508,F,British,England,2211471@uknmc.org,London Road 129,HINDLEY,WIGAN,LANCASHIRE,CM164DD,England,1315,R,AN1,B Nurs (Hons),20200901,20290901,20260812,20230918,20260812
16H0385E,Miss,ROSE 130,,LEE,20050831,F,British,Isle of Man,2211471@uknmc.org,London Road 130,BALLAHUTCHIN HILL,UNION MILLS,ISLE OF MAN,CM164AT,Isle of Man,1315,R,AN1,B Nurs (Hons),20200901,20290901,20260812,20230918,20260812
16H0386E,Miss,ROSE 131,,LEE,20040510,F,British,England,2211471@uknmc.org,London Road 131,BLACON,CHESTER,Woodford,CM165QX,England,1315,R,AN1,B Nurs (Hons),20200901,20290901,20260812,20230918,20260812
15H0614E,Miss,ROSE 132,,LEE,20021015,F,British,England,2211471@uknmc.org,London Road 132,OLD HILL,LONGHOPE,GLOUCESTERSHIRE,CM160PF,England,1315,R,AN1,B Nurs (Hons),20200901,20290901,20260812,20220919,20260812
16H0387E,Miss,ROSE 133,RENSHALL,LEE,19850925,F,British,England,2211471@uknmc.org,London Road 133,LIVERPOOL,,Woodford,CM162QE,England,1315,R,AN1,B Nurs (Hons),20200901,20290901,20260812,20210920,20260812
16H0388E,Miss,ROSE 134,HOLLY DENNIS,LEE,20000604,F,British,England,2211471@uknmc.org,London Road 134,CAERGWRLE,FLINTSHIRE,Woodford,CM169DG,Wales,1315,R,AN1,B Nurs (Hons),20200901,20290901,20260812,20230918,20260812
16H0389E,Miss,ROSE 135,,LEE,19900503,F,British,Isle of Man,2211471@uknmc.org,London Road 135,PEEL,,ISLE OF MAN,CM161TF,Isle of Man,1315,R,AN1,B Nurs (Hons),20200901,20290901,20260812,20230918,20260812
16H0390E,Miss,ROSE 136,,LEE,20000729,F,British,Wales,2211471@uknmc.org,London Road 136,HILL STREET,PENTRE BROUGHTON,WREXHAM,CM166DA,Wales,1315,R,AN1,B Nurs (Hons),20200901,20290901,20260812,20230918,20260812
16H0391E,Miss,ROSE 137,,LEE,20011006,F,British,England,2211471@uknmc.org,London Road 137,WARRINGTON,CHESHIRE,Woodford,CM161NX,England,1315,R,AN1,B Nurs (Hons),20200901,20290901,20260812,20230918,20260812
16H0392E,Miss,ROSE 138,,LEE,20050122,F,British,Wales,2211471@uknmc.org,London Road 138,CLWT-Y-BONT,CAERNARFON,GWYNEDD,CM163EQ,Wales,1315,R,AN1,B Nurs (Hons),20200901,20290901,20260812,20230918,20260812
16H0393E,Mrs,ROSE 139,MCKEE,LEE,19860224,F,British,England,2211471@uknmc.org,London Road 139,ELLESMERE PORT,CHESHIRE,Woodford,CM163DQ,England,1315,R,AN1,B Nurs (Hons),20200901,20290901,20260812,20230918,20260812
16H0394E,Miss,ROSE 140,,LEE,20041224,F,British,England,2211471@uknmc.org,London Road 140,WIRRAL,MERSEYSIDE,BROMBOROUGH,CM166DY,England,1315,R,AN1,B Nurs (Hons),20200901,20290901,20260812,20230918,20260812
16H0395E,Miss,ROSE 141,,LEE,20031207,F,British,England,2211471@uknmc.org,London Road 141,PARKGATE,NESTON,MERSEYSIDE,CM166SX,England,1315,R,AN1,B Nurs (Hons),20200901,20290901,20260812,20230918,20260812
16H0396E,Miss,ROSE 142,,LEE,20000317,F,British,England,2211471@uknmc.org,London Road 142,LIVERPOOL,,Woodford,CM160RX,England,1315,R,AN1,B Nurs (Hons),20200901,20290901,20260812,20230918,20260812
16H0397E,Ms,ROSE 143,GILLAN,LEE,19820622,F,South African,South Africa,2211471@uknmc.org,London Road 143,LITTLE NESTON,NESTON,CHESHIRE,CM164DU,England,1315,R,AN1,B Nurs (Hons),20200901,20290901,20260812,20230918,20260812
16H0398E,Miss,ROSE 144,,LEE,20000216,F,British,Wales,2211471@uknmc.org,London Road 144,COLWYN BAY,,Woodford,CM167RA,Wales,1315,R,AN1,B Nurs (Hons),20200901,20290901,20260812,20230918,20260812
16H0399E,Mrs,ROSE 145,KELLY,LEE,19890817,F,British,Isle of Man,2211471@uknmc.org,London Road 145,ONCHAN,ISLE OF MAN,Woodford,CM164AT,Isle of Man,1315,R,AN1,B Nurs (Hons),20200901,20290901,20260812,20230918,20260812
16H0400E,Miss,ROSE 146,,LEE,20020201,F,British,England,2211471@uknmc.org,London Road 146,NEWTON-LE-WILLOWS,MERSEYSIDE,Woodford,CM168JN,England,1315,R,AN1,B Nurs (Hons),20200901,20290901,20260812,20220919,20260812
15H0615E,Miss,ROSE 147,,LEE,19930819,F,British,England,2211471@uknmc.org,London Road 147,BIRKENHEAD,MERSEYSIDE,Woodford,CM161QL,England,1315,R,AN1,B Nurs (Hons),20200901,20290901,20260812,20220919,20260812
16H0401E,Miss,ROSE 148,,LEE,20050421,F,British,England,2211471@uknmc.org,London Road 148,NEWTON-LE-WILLOWS,MERSEYSIDE,Woodford,CM168NE,England,1315,R,AN1,B Nurs (Hons),20200901,20290901,20260812,20230918,20260812
16H0402E,Miss,ROSE 149,,LEE,19860622,F,British,England,2211471@uknmc.org,London Road 149,LITTLE SUTTON,ELLESMERE PORT,Woodford,CM164TR,England,1315,R,AN1,B Nurs (Hons),20200901,20290901,20260812,20240923,20260812
16H0403E,Miss,ROSE 150,,LEE,19900205,F,British,England,2211471@uknmc.org,London Road 150,5 KINGHAM CLOSE,WIRRAL,MERSEYSIDE,CM162PQ,England,1315,R,AN1,B Nurs (Hons),20200901,20290901,20260812,20240923,20260812
15H0616E,Miss,ROSE 151,,LEE,20040301,F,British,England,2211471@uknmc.org,London Road 151,LITTLE SUTTON,ELLESMERE PORT,CHESHIRE,CM163RU,England,1315,R,AN1,B Nurs (Hons),20200901,20290901,20260812,20230918,20260812
26H0444E,Miss,ROSE 152,,LEE,20040228,F,British,Saudi Arabia,2211471@uknmc.org,London Road 152,LIVERPOOL,,Woodford,CM162UU,England,1315,R,MN1,B Nurs (Hons),20200901,20290901,20260812,20240923,20260812
26H0528E,Mr,ROSE 153,,LEE,19780621,M,British,Nigeria,2211471@uknmc.org,London Road 153,LEIGH,,GREATER MANCHESTER,CM164SD,England,1315,R,MN1,MSc,20200901,20290901,20260812,20240923,20260812
26H0529E,Mr,ROSE 154,,LEE,19791122,M,Nigerian,Nigeria,2211471@uknmc.org,London Road 154,NEWTON HEATH,MANCHESTER,GREATER MANCHESTER,CM162UL,England,1315,R,MN1,MSc,20200901,20290901,20260812,20240923,20260812
26H0516E,Mr,ROSE 155,,LEE,19770110,M,Nigerian,Nigeria,2211471@uknmc.org,London Road 155,,,LIVERPOOL,CM160SU,England,1315,R,AN1,MSc,20200901,20290901,20260812,20240923,20260812
26H0445E,Ms,ROSE 156,,LEE,19831213,F,Nigerian,Nigeria,2211471@uknmc.org,London Road 156,WESTHOUGHTON,BOLTON,BOLTON,CM163WE,England,1315,R,MN1,B Nurs (Hons),20200901,20290901,20260812,20230918,20260812
26H0446E,Miss,ROSE 157,,LEE,19871102,F,British,England,2211471@uknmc.org,London Road 157,WIDNES,CHESHIRE,Woodford,CM166EX,England,1315,R,MN1,B Nurs (Hons),20200901,20290901,20260812,20230918,20260812
26H0517E,Mrs,ROSE 158,,LEE,19970531,F,Nigerian,Nigeria,2211471@uknmc.org,London Road 158,,,CHESTER,CM162AX,England,1315,R,AN1,MSc,20200901,20290901,20260812,20240923,20260812
26H0447E,Miss,ROSE 159,,LEE,20050221,F,English,England,2211471@uknmc.org,London Road 159,MINORCA HILL,LAXEY,Woodford,CM167DW,Isle of Man,1315,R,MN1,B Nurs (Hons),20200901,20290901,20260812,20230918,20260812
26H0502E,Mrs,ROSE 160,WOOSEY,LEE,19830821,F,British,England,2211471@uknmc.org,London Road 160,PRENTON,MERSEYSIDE,Woodford,CM167RR,England,1315,R,AM,Level 7,20200901,20290901,20260812,20220919,20260812
26H0448E,Miss,ROSE 161,,LEE,20020621,F,British,Isle of Man,2211471@uknmc.org,London Road 161,BALDRINE,,Woodford,CM166DD,Isle of Man,1315,R,MN1,B Nurs (Hons),20200901,20290901,20260812,20230918,20260812
26H0513E,Mrs,ROSE 162,BUDWORTH,LEE,19820825,F,British,England,2211471@uknmc.org,London Road 162,WIRRAL,MERSEYSIDE,Woodford,CM165UF,England,1315,R,AM,M Nurs,20200901,20290901,20260812,20220919,20260812
26H0487E,Miss,ROSE 163,,LEE,20041021,F,British,England,2211471@uknmc.org,London Road 163,NEWCASTLE-UNDER-LYME,STAFFORDSHIRE,Woodford,CM167QP,England,1315,M,MW1,BSc (Hons) Mid,20200901,20290901,20260812,20230918,20260812
26H0488E,Miss,ROSE 164,EVE DAVIES,LEE,20041119,F,British,England,2211471@uknmc.org,London Road 164,DESFORD,LEICESTER,LEICESTERSHIRE,CM169HR,England,1315,M,MW1,BSc (Hons) Mid,20200901,20290901,20260812,20230918,20260812
26H0449E,Miss,ROSE 165,,LEE,19900604,F,British,Wales,2211471@uknmc.org,London Road 165,SALTNEY,CHESTER,FLINTSHIRE,CM168LR,England,1315,R,MN1,B Nurs (Hons),20200901,20290901,20260812,20230918,20260812
26H0489E,Miss,ROSE 166,,LEE,19860914,F,British,Wales,2211471@uknmc.org,London Road 166,MOLD,FLINTSHIRE,Woodford,CM161FJ,Wales,1315,M,MW1,BSc (Hons) Mid,20200901,20290901,20260812,20230918,20260812
26H0434E,Mr,ROSE 167,NA,LEE,20040805,M,British,England,2211471@uknmc.org,London Road 167,CUDDINGTON,NORTHWICH,CHESHIRE,CM162PS,England,1315,R,MH1,B Nurs (Hons),20200901,20290901,20260812,20230918,20260812
26H0450E,Miss,ROSE 168,,LEE,19741027,F,British,Nigeria,2211471@uknmc.org,London Road 168,MANCHESTER,GREATER MANCHESTER,Woodford,CM168JU,England,1315,R,MN1,B Nurs (Hons),20200901,20290901,20260812,20220919,20260812
26H0451E,Mr,ROSE 169,,LEE,19710608,M,British,Nigeria,2211471@uknmc.org,London Road 169,FARNWORTH,BOLTON,GREATER MANCHESTER,CM169FP,England,1315,R,MN1,B Nurs (Hons),20200901,20290901,20260812,20230918,20260812
26H0435E,Miss,ROSE 170,,LEE,20040929,F,British,Wales,2211471@uknmc.org,London Road 170,SYCHDYN,MOLD,FLINTSHIRE,CM166EF,Wales,1315,R,MH1,B Nurs (Hons),20200901,20290901,20260812,20230918,20260812
26H0518E,Miss,ROSE 171,,LEE,19860718,F,Nigerian,Nigeria,2211471@uknmc.org,London Road 171,,,CHESTER,CM162HT,England,1315,R,AN1,MSc,20200901,20290901,20260812,20240923,20260812
26H0531E,Miss,ROSE 172,,LEE,20020318,F,Nigerian,Nigeria,2211471@uknmc.org,London Road 172,90 DURNING ROAD,,LIVERPOOL,CM165NH,England,1315,R,MN1,MSc,20200901,20290901,20260812,20240923,20260812
26H0532E,Mrs,ROSE 173,,LEE,19941216,F,Nigerian,Nigeria,2211471@uknmc.org,London Road 173,,,ELLESMERE PORT,CM164BL,England,1315,R,MN1,MSc,20200901,20290901,20260812,20240923,20260812
26H0452E,Miss,ROSE 174,,LEE,20031119,F,British,England,2211471@uknmc.org,London Road 174,ST HELENS,MERSEYSIDE,Woodford,CM169AL,England,1315,R,MN1,B Nurs (Hons),20200901,20290901,20260812,20220919,20260812
26H0453E,Miss,ROSE 175,,LEE,19910309,F,British,England,2211471@uknmc.org,London Road 175,PADDINGTON,WARRINGTON,CHESHIRE,CM163GR,England,1315,R,MN1,B Nurs (Hons),20200901,20290901,20260812,20230918,20260812
26H0454E,Ms,ROSE 176,,LEE,19760630,F,British,England,2211471@uknmc.org,London Road 176,WIRRAL,MERSEYSIDE,Woodford,CM164QJ,England,1315,R,MN1,B Nurs (Hons),20200901,20290901,20260812,20230918,20260812
22L0052E,Mrs,ROSE 177,ALDRIDGE,LEE,19730214,F,British,England,2211471@uknmc.org,London Road 177,CONGLETON,,CHESHIRE,CM164LU,England,1315,R,MN1,B Nurs (Hons),20200901,20290901,20260812,20250203,20260812
26H0455E,Miss,ROSE 178,,LEE,20020927,F,British,England,2211471@uknmc.org,London Road 178,WIRRAL,MERSEYSIDE,Woodford,CM162AF,England,1315,R,MN1,B Nurs (Hons),20200901,20290901,20260812,20230918,20260812
26H0503E,Miss,ROSE 179,,LEE,19910221,F,British,England,2211471@uknmc.org,London Road 179,RUNCORN,HALTON,CHESHIRE,CM165XQ,England,1315,R,AM,Level 7,20200901,20290901,20260812,20220919,20260812
26H0504E,Miss,ROSE 180,,LEE,19890122,F,British,England,2211471@uknmc.org,London Road 180,WOODSIDE,TELFORD,SHROPSHIRE,CM165NU,England,1315,R,AM,Level 7,20200901,20290901,20260812,20220919,20260812
26H0456E,Miss,ROSE 181,,LEE,19801127,F,British,England,2211471@uknmc.org,London Road 181,GREAT SUTTON,ELLESMERE PORT,CHESHIRE,CM163NX,England,1315,R,MN1,B Nurs (Hons),20200901,20290901,20260812,20230918,20260812
26H0457E,Mr,ROSE 182,,LEE,19960124,M,British,England,2211471@uknmc.org,London Road 182,HIGHER KINNERTON,CHESTER,FLINTSHIRE,CM169AA,England,1315,R,MN1,B Nurs (Hons),20200901,20290901,20260812,20230918,20260812
26H0505E,Mrs,ROSE 183,MOODY,LEE,19711122,F,British,England,2211471@uknmc.org,London Road 183,WIRRAL,MERSEYSIDE,Woodford,CM167UJ,England,1315,R,AM,Level 7,20200901,20290901,20260812,20220919,20260812
26H0506E,Miss,ROSE 184,,LEE,19871221,F,British,England,2211471@uknmc.org,London Road 184,WIDNES,CHESHIRE,Woodford,CM168XF,England,1315,R,AM,Level 7,20200901,20290901,20260812,20220919,20260812
26H0490E,Miss,ROSE 185,,LEE,20040125,F,British,England,2211471@uknmc.org,London Road 185,WINDMILL HILL,RUNCORN,CHESHIRE,CM166LL,England,1315,M,MW1,BSc (Hons) Mid,20200901,20290901,20260812,20230918,20260812
26H0458E,Miss,ROSE 186,,LEE,20030528,F,British,Isle of Man,2211471@uknmc.org,London Road 186,DOUGLAS,ISLE OF MAN,Woodford,CM163LR,Isle of Man,1315,R,MN1,B Nurs (Hons),20200901,20290901,20260812,20230918,20260812
26H0459E,Miss,ROSE 187,,LEE,20010122,F,British,England,2211471@uknmc.org,London Road 187,LAWLEY VILLAGE,TELFORD,SHROPSHIRE,CM162PQ,England,1315,R,MN1,B Nurs (Hons),20200901,20290901,20260812,20230918,20260812
26H0533E,Mr,ROSE 188,,LEE,19980501,M,Nigerian,Nigeria,2211471@uknmc.org,London Road 188,,,CHESTER,CM163BQ,England,1315,R,MN1,MSc,20200901,20290901,20260812,20240923,20260812
26H0534E,Miss,ROSE 189,,LEE,19980803,F,Nigerian,Nigeria,2211471@uknmc.org,London Road 189,BACHE HALL ESTATE,,CHESTER,CM161BR,Nigeria,1315,R,MN1,MSc,20200901,20290901,20260812,20240923,20260812
26H0436E,Mr,ROSE 190,,LEE,19961203,M,British,England,2211471@uknmc.org,London Road 190,41 MAIN ROAD,HIGHER KINNERTON,Woodford,CM169AJ,England,1315,R,MH1,B Nurs (Hons),20200901,20290901,20260812,20220919,20260812
26H0460E,Mrs,ROSE 191,,LEE,19750810,F,Spanish,Nigeria,2211471@uknmc.org,London Road 191,OLDHAM,GREATER MANCHESTER,Woodford,CM162HH,England,1315,R,MN1,B Nurs (Hons),20200901,20290901,20260812,20220919,20260812
26H0519E,Miss,ROSE 192,,LEE,20000617,F,Nigerian,Nigeria,2211471@uknmc.org,London Road 192,HUNTER STREET,,CHESTER,CM162AS,Nigeria,1315,R,AN1,MSc,20200901,20290901,20260812,20240923,20260812
26H0491E,Miss,ROSE 193,,LEE,20050220,F,British,Wales,2211471@uknmc.org,London Road 193,TRINANT,CRUMLIN,"NEWPORT, CAERFFILI",CM163JG,Wales,1315,M,MW1,BSc (Hons) Mid,20200901,20290901,20260812,20230918,20260812
26H0437E,Miss,ROSE 194,,LEE,19951023,F,British,Wales,2211471@uknmc.org,London Road 194,CHORLTON,MANCHESTER,Woodford,CM169EG,England,1315,R,MH1,B Nurs (Hons),20200901,20290901,20260812,20230918,20260812
26H0461E,Miss,ROSE 195,,LEE,19900531,F,British,England,2211471@uknmc.org,London Road 195,CONNAH'S QUAY,,DEESIDE,CM164FF,Wales,1315,R,MN1,B Nurs (Hons),20200901,20290901,20260812,20210920,20260812
26H0507E,Miss,ROSE 196,,LEE,19920903,F,British,England,2211471@uknmc.org,London Road 196,BROMBOROUGH,WIRRAL,MERSEYSIDE,CM167DE,England,1315,R,AM,Level 7,20200901,20290901,20260812,20220919,20260812
26H0492E,Miss,ROSE 197,,LEE,20041018,F,British,England,2211471@uknmc.org,London Road 197,HOLLINS LANE,FORTON,"PRESTON, LANCASHIRE",CM160AA,England,1315,M,MW1,BSc (Hons) Mid,20200901,20290901,20260812,20230918,20260812
26H0508E,Miss,ROSE 198,,LEE,19861008,F,British,England,2211471@uknmc.org,London Road 198,WIRRAL,MERSEYSIDE,Woodford,CM162HQ,England,1315,R,AM,Level 7,20200901,20290901,20260812,20220919,20260812
26H0462E,Miss,ROSE 199,KINNIN,LEE,19970909,F,British,Isle of Man,2211471@uknmc.org,London Road 199,"REAYRT MIE, BALLASALLA",ISLE OF MAN,Woodford,CM162BN,Isle of Man,1315,R,MN1,B Nurs (Hons),20200901,20290901,20260812,20220919,20260812
26H0463E,Miss,ROSE 200,,LEE,19751025,F,Ghanaian,Ghana,2211471@uknmc.org,London Road 200,SALFORD,ORDSALL,GREATER MANCHESTER,CM163EX,England,1315,R,MN1,B Nurs (Hons),20200901,20290901,20260812,20220919,20260812
26H0464E,Mr,ROSE 201,,LEE,19761224,M,British,Uganda,2211471@uknmc.org,London Road 201,CROXTETH GATE,LIVERPOOL,Woodford,CM163AR,England,1315,R,MN1,B Nurs (Hons),20200901,20290901,20260812,20230918,20260812
26H0465E,Ms,ROSE 202,,LEE,19731228,F,British,Wales,2211471@uknmc.org,London Road 202,MANCOT,DEESIDE,FLINTSHIRE,CM162AP,Wales,1315,R,MN1,B Nurs (Hons),20200901,20290901,20260812,20230918,20260812
26H0466E,Miss,ROSE 203,,LEE,20040125,F,British,England,2211471@uknmc.org,London Road 203,CHESTER,,Woodford,CM165LZ,England,1315,R,MN1,B Nurs (Hons),20200901,20290901,20260812,20220919,20260812
26H0467E,Mr,ROSE 204,,LEE,20000506,M,Zimbabwean,Zimbabwe,2211471@uknmc.org,London Road 204,2 CHATHAM ST,SHEFFIELD,Woodford,CM168FG,England,1315,R,MN1,B Nurs (Hons),20200901,20290901,20260812,20230918,20260812
26H0511E,Miss,ROSE 205,,LEE,19861226,F,British,England,2211471@uknmc.org,London Road 205,WIRRAL,,Woodford,CM165LF,England,1315,R,MC,M Nurs,20200901,20290901,20260812,20210920,20260812
26H0509E,Mrs,ROSE 206,ELSON,LEE,19810904,F,British,England,2211471@uknmc.org,London Road 206,COCKSHUTT,ELLESMERE,SHROPSHIRE,CM160QU,England,1315,R,AM,Level 7,20200901,20290901,20260812,20230918,20260812
26H0535E,Ms,ROSE 207,,LEE,19970616,F,British,Bahamas,2211471@uknmc.org,London Road 207,"FLAT 78, CANNING ROAD",,LONDON,CM167FQ,England,1315,R,MN1,MSc,20200901,20290901,20260812,20240923,20260812
26H0468E,Miss,ROSE 208,,LEE,19910327,F,British,England,2211471@uknmc.org,London Road 208,WARRINGTON,,Woodford,CM167EJ,England,1315,R,MN1,B Nurs (Hons),20200901,20290901,20260812,20200914,20260812
26H0469E,Ms,ROSE 209,WATSON,LEE,19900426,F,British,Isle of Man,2211471@uknmc.org,London Road 209,ONCHAN,,ISLE OF MAN,CM163BD,Isle of Man,1315,R,MN1,B Nurs (Hons),20200901,20290901,20260812,20230918,20260812
26H0470E,Mr,ROSE 210,,LEE,19840311,M,Nigerian,Nigeria,2211471@uknmc.org,London Road 210,SHAVINGTON,CREWE,CHESHIRE,CM165BJ,England,1315,R,MN1,B Nurs (Hons),20200901,20290901,20260812,20230918,20260812
26H0536E,Miss,ROSE 211,,LEE,19920422,F,Nigerian,Nigeria,2211471@uknmc.org,London Road 211,SOUTH BANK,,MIDDLESBROUGH,CM166HW,Nigeria,1315,R,MN1,MSc,20200901,20290901,20260812,20240923,20260812
26H0537E,Mrs,ROSE 212,SHEILA KUZIVAKWASHE MPUKU,LEE,19880329,F,Zimbabwean,Zimbabwe,2211471@uknmc.org,London Road 212,,,WREXHAM,CM167UL,Wales,1315,R,MN1,MSc,20200901,20290901,20260812,20240923,20260812
26H0471E,Mr,ROSE 213,,LEE,19831013,M,British,Nigeria,2211471@uknmc.org,London Road 213,LEIGH,GREATER MANCHESTER,Woodford,CM161DH,England,1315,R,MN1,B Nurs (Hons),20200901,20290901,20260812,20220919,20260812
26H0472E,Mrs,ROSE 214,,LEE,19910815,F,Nigerian,Nigeria,2211471@uknmc.org,London Road 214,FAILSWORTH,GREATER MANCHESTER,Woodford,CM169PS,England,1315,R,MN1,B Nurs (Hons),20200901,20290901,20260812,20230918,20260812
26H0521E,Ms,ROSE 215,,LEE,19941112,F,Nigerian,Nigeria,2211471@uknmc.org,London Road 215,35B PARKGATE ROAD,,CHESTER,CM164AG,England,1315,R,AN1,MSc,20200901,20290901,20260812,20240923,20260812
26H0473E,Mr,ROSE 216,,LEE,19780929,M,British,Nigeria,2211471@uknmc.org,London Road 216,MANCHESTER,GREATER MANCHESTER,Woodford,CM161QD,England,1315,R,MN1,B Nurs (Hons),20200901,20290901,20260812,20220919,20260812
26H0474E,Mr,ROSE 217,,LEE,19720622,M,British,Nigeria,2211471@uknmc.org,London Road 217,MANCHESTER,GREATER MANCHESTER,Woodford,CM168AY,England,1315,R,MN1,B Nurs (Hons),20200901,20290901,20260812,20230918,20260812
26H0475E,Mr,ROSE 218,,LEE,19860410,M,Irish,Nigeria,2211471@uknmc.org,London Road 218,LITTLE HULTON,MANCHESTER,Woodford,CM160BY,England,1315,R,MN1,B Nurs (Hons),20200901,20290901,20260812,20230918,20260812
26H0476E,Mr,ROSE 219,,LEE,19780601,M,British,Nigeria,2211471@uknmc.org,London Road 219,OLDHAM,GREATER MANCHESTER,Woodford,CM162JT,England,1315,R,MN1,B Nurs (Hons),20200901,20290901,20260812,20230918,20260812
26H0538E,Mr,ROSE 220,,LEE,19780902,M,Nigerian,Nigeria,2211471@uknmc.org,London Road 220,SALFORD,MANCHESTER,UNITED KINGDOM,CM165GX,England,1315,R,MN1,B Nurs (Hons),20200901,20290901,20260812,20230918,20260812
26H0477E,Mr,ROSE 221,,LEE,19790412,M,German,Nigeria,2211471@uknmc.org,London Road 221,MANCHESTER,,Woodford,CM169HX,England,1315,R,MN1,B Nurs (Hons),20200901,20290901,20260812,20220919,20260812
26H0522E,Miss,ROSE 222,,LEE,19990131,F,Nigerian,Nigeria,2211471@uknmc.org,London Road 222,,,CHESTER,CM164BR,England,1315,R,AN1,MSc,20200901,20290901,20260812,20240923,20260812
26H0523E,Miss,ROSE 223,,LEE,19970712,F,Nigerian,Nigeria,2211471@uknmc.org,London Road 223,,,CHESTER,CM164BU,Nigeria,1315,R,AN1,MSc,20200901,20290901,20260812,20240923,20260812
26H0524E,Mrs,ROSE 224,OBI,LEE,19870517,F,Nigerian,Nigeria,2211471@uknmc.org,London Road 224,BLACON,,CHESTER,CM165JX,England,1315,R,AN1,MSc,20200901,20290901,20260812,20240923,20260812
26H0493E,Miss,ROSE 225,,LEE,19881227,F,British,Wales,2211471@uknmc.org,London Road 225,LLANDUDNO JUNCTION,,Woodford,CM169ER,Wales,1315,M,MW1,BSc (Hons) Mid,20200901,20290901,20260812,20200914,20260812
26H0478E,Miss,ROSE 226,,LEE,19900909,F,British,England,2211471@uknmc.org,London Road 226,LIVERPOOL,MERSEYSIDE,Woodford,CM167LB,England,1315,R,MN1,B Nurs (Hons),20200901,20290901,20260812,20240919,20260812
26H0494E,Miss,ROSE 227,,LEE,20050805,F,British,England,2211471@uknmc.org,London Road 227,FRECKLETON,PRESTON,LANCASHIRE,CM161TF,England,1315,M,MW1,BSc (Hons) Mid,20200901,20290901,20260812,20230918,20260812
26H0479E,Miss,ROSE 228,,LEE,20031014,F,British,England,2211471@uknmc.org,London Road 228,COLLINS GREEN,WARRINGTON,Woodford,CM164DS,England,1315,R,MN1,B Nurs (Hons),20200901,20290901,20260812,20230918,20260812
26H0438E,Miss,ROSE 229,,LEE,20050617,F,British,England,2211471@uknmc.org,London Road 229,WIRRAL,MERSEYSIDE,Woodford,CM167SF,England,1315,R,MH1,B Nurs (Hons),20200901,20290901,20260812,20230918,20260812
26H0495E,Miss,ROSE 230,PAYNE,LEE,20050202,F,British,England,2211471@uknmc.org,London Road 230,SHAWBURY,SHREWSBURY,Woodford,CM164HJ,England,1315,M,MW1,BSc (Hons) Mid,20200901,20290901,20260812,20230918,20260812
26H0496E,Miss,ROSE 231,,LEE,19970809,F,British,England,2211471@uknmc.org,London Road 231,OLD SWAN,,LIVERPOOL,CM165SP,England,1315,M,MW1,BSc (Hons) Mid,20200901,20290901,20260812,20210920,20260812
26H0500E,Miss,ROSE 232,,LEE,20040413,F,British,England,2211471@uknmc.org,London Road 232,GREAT SUTTON,ELLESMERE PORT,MERSEYSIDE,CM162XB,England,1315,R,AC,M Nurs,20200901,20290901,20260812,20220919,20260812
26H0480E,Miss,ROSE 233,,LEE,19960424,F,British,England,2211471@uknmc.org,London Road 233,GREAT SUTTON,ELLESMERE PORT,CHESHIRE,CM167BP,England,1315,R,MN1,B Nurs (Hons),20200901,20290901,20260812,20230918,20260812
26H0481E,Mrs,ROSE 234,,LEE,19740421,F,British,Nigeria,2211471@uknmc.org,London Road 234,LEIGH,GREATER MANCHESTER,Woodford,CM162YZ,England,1315,R,MN1,B Nurs (Hons),20200901,20290901,20260812,20230918,20260812
26H0498E,Ms,ROSE 235,CULSHAW,LEE,19710628,F,British,England,2211471@uknmc.org,London Road 235,SKELMERSDALE,LANCASHIRE,UNITED KINGDOM,CM168HP,England,1315,R,NAA,Level 5,20200901,20290901,20260812,20240304,20260812
26H0439E,Mr,ROSE 236,SHENNAN,LEE,20021208,M,British,England,2211471@uknmc.org,London Road 236,WALLASEY,,Woodford,CM167NJ,England,1315,R,MH1,B Nurs (Hons),20200901,20290901,20260812,20220919,20260812
26H0501E,Miss,ROSE 237,,LEE,20010911,F,British,England,2211471@uknmc.org,London Road 237,PARK ROAD SOUTH,NEWTON-LE-WILLOWS,MERSEYSIDE,CM168PE,England,1315,R,AC,M Nurs,20200901,20290901,20260812,20200914,20260812
26H0440E,Miss,ROSE 238,,LEE,19910630,F,British,England,2211471@uknmc.org,London Road 238,SALE,GREATER MANCHESTER,Woodford,CM164GR,England,1315,R,MH1,B Nurs (Hons),20200901,20290901,20260812,20230918,20260812
26H0441E,Miss,ROSE 239,,LEE,20040719,F,British,England,2211471@uknmc.org,London Road 239,NETHERTHONG,HOLMFIRTH,WEST YORKSHIRE,CM163XN,England,1315,R,MH1,B Nurs (Hons),20200901,20290901,20260812,20230918,20260812
26H0482E,Miss,ROSE 240,,LEE,20031230,F,British,England,2211471@uknmc.org,London Road 240,CREWE,,Woodford,CM164RP,England,1315,R,MN1,B Nurs (Hons),20200901,20290901,20260812,20230918,20260812
26H0442E,Mrs,ROSE 241,VISINSKAITE,LEE,19800211,F,Lithuanian,Lithuania,2211471@uknmc.org,London Road 241,RHYL,DENBIGHSHIRE,Woodford,CM164NZ,Wales,1315,R,MH1,B Nurs (Hons),20200901,20290901,20260812,20230918,20260812
26H0483E,Mrs,ROSE 242,FLORECE,LEE,19700717,F,British,Philippines,2211471@uknmc.org,London Road 242,ROMILEY,STOCKPORT,GREATER MANCHESTER,CM163DA,England,1315,R,MN1,B Nurs (Hons),20200901,20290901,20260812,20220919,20260812
26H0525E,Miss,ROSE 243,,LEE,20000420,F,Indian,India,2211471@uknmc.org,London Road 243,,,OSWESTRY,CM161QZ,England,1315,R,AN1,MSc,20200901,20290901,20260812,20240923,20260812
26H0526E,Mr,ROSE 244,,LEE,20000501,M,Nepalese,Nepal,2211471@uknmc.org,London Road 244,LITTLE NESTON,,NESTON,CM164DF,England,1315,R,AN1,MSc,20200901,20290901,20260812,20240923,20260812
26H0512E,Miss,ROSE 245,,LEE,19980221,F,British,England,2211471@uknmc.org,London Road 245,BEECHWOOD,RUNCORN,CHESHIRE,CM163JF,England,1315,R,ML,M Nurs,20200901,20290901,20260812,20220919,20260812
26H0510E,Mrs,ROSE 246,,LEE,19770524,F,British,India,2211471@uknmc.org,London Road 246,PRENTON,MERSEYSIDE,Woodford,CM160TR,England,1315,R,AM,Level 7,20200901,20290901,20260812,20220919,20260812
26H0484E,Miss,ROSE 247,,LEE,20050802,F,British,England,2211471@uknmc.org,London Road 247,WILLASTON,NANTWICH,CHESHIRE,CM166QR,England,1315,R,MN1,B Nurs (Hons),20200901,20290901,20260812,20230918,20260812
26H0497E,Miss,ROSE 248,,LEE,19941120,F,British,England,2211471@uknmc.org,London Road 248,WIDNES,CHESHIRE,Woodford,CM168BD,England,1315,M,MW1,BSc (Hons) Mid,20200901,20290901,20260812,20230918,20260812
26H0527E,Ms,ROSE 249,,LEE,20010517,F,Cameroonian,Cameroon,2211471@uknmc.org,London Road 249,35B PARKGATE ROAD,,CHESTER,CM164AG,England,1315,R,AN1,MSc,20200901,20290901,20260812,20240923,20260812
26H0486E,Miss,ROSE 250,,LEE,19851016,F,British,England,2211471@uknmc.org,London Road 250,WIRRAL,MERSEYSIDE,Woodford,CM167UA,England,1315,R,MN1,B Nurs (Hons),20200901,20290901,20260812,20230918,20260812
26H0485E,Miss,ROSE 251,,LEE,19920505,F,British,Isle of Man,2211471@uknmc.org,London Road 251,4 MARINE PARADE,PEEL,Woodford,CM161PB,Isle of Man,1315,R,MN1,B Nurs (Hons),20200901,20290901,20260812,20230918,20260812
26H0443E,Miss,ROSE 252,SMITH,LEE,20020614,F,British,England,2211471@uknmc.org,London Road 252,LITTLE SUTTON,ELLESMERE PORT,Woodford,CM164TL,England,1315,R,MH1,B Nurs (Hons),20200901,20290901,20260812,20220919,20260812